ane: JednostaWojskowa
	INSERT INTO "S14927"."JEDNOSTAWOJSKOWA" (NAZWAJW) VALUES ('Pu³k Zwiadowców');
	
-- Dane: MagazynBroni
	INSERT INTO "S14927"."MAGAZYNBRONI" (ID_MAGAZYNBRONI) VALUES ('1');
	INSERT INTO "S14927"."MAGAZYNBRONI" (ID_MAGAZYNBRONI) VALUES ('2');
	INSERT INTO "S14927"."MAGAZYNBRONI" (ID_MAGAZYNBRONI) VALUES ('3');

-- Dane: Bron
	INSERT INTO "S14927"."BRON" (NR_SERYJNY, NAZWA, MAGAZYNBRONI_ID_MAGAZYNBRONI) VALUES ('401', 'Glock', '1');
	INSERT INTO "S14927"."BRON" (NR_SERYJNY, NAZWA, MAGAZYNBRONI_ID_MAGAZYNBRONI) VALUES ('489', 'AK-47', '1');
	INSERT INTO "S14927"."BRON" (NR_SERYJNY, NAZWA, MAGAZYNBRONI_ID_MAGAZYNBRONI) VALUES ('521', 'Wist 94', '2');
	INSERT INTO "S14927"."BRON" (NR_SERYJNY, NAZWA, MAGAZYNBRONI_ID_MAGAZYNBRONI) VALUES ('699', 'Beryl', '2');
	
-- Dane: Batalion
	INSERT INTO "S14927"."BATALION" (ID_BATALION, NAZWABAT, JEDNOSTAWOJSKOWA_NAZWA, MAGAZYNBRONI_ID_MAGAZYNBRONI) VALUES ('1', 'Strategiczny', 'Pu³k Zwiadowców', '1');
	INSERT INTO "S14927"."BATALION" (ID_BATALION, NAZWABAT, JEDNOSTAWOJSKOWA_NAZWA, MAGAZYNBRONI_ID_MAGAZYNBRONI) VALUES ('2', 'Logistyczny', 'Pu³k Zwiadowców', '2');

-- Dane: Kompania
	INSERT INTO "S14927"."KOMPANIA" (ID_KOMPANIA, NAZWAKOMP, BATALION_ID_BATALION) VALUES ('1', 'Planowania', '1');
	INSERT INTO "S14927"."KOMPANIA" (ID_KOMPANIA, NAZWAKOMP, BATALION_ID_BATALION) VALUES ('2', 'Zarz¹dzania', '1');
	INSERT INTO "S14927"."KOMPANIA" (ID_KOMPANIA, NAZWAKOMP, BATALION_ID_BATALION) VALUES ('3', 'Tranportu', '2');
	INSERT INTO "S14927"."KOMPANIA" (ID_KOMPANIA, NAZWAKOMP, BATALION_ID_BATALION) VALUES ('4', 'Zabezpieczenia', '2');

-- Dane: Pluton
	INSERT INTO "S14927"."PLUTON" (ID_PLUTON, NAZWAPLUT, KOMPANIA_ID_KOMPANIA) VALUES ('1', 'Pluton 1', '1');
	INSERT INTO "S14927"."PLUTON" (ID_PLUTON, NAZWAPLUT, KOMPANIA_ID_KOMPANIA) VALUES ('2', 'Pluton 2', '1');
	INSERT INTO "S14927"."PLUTON" (ID_PLUTON, NAZWAPLUT, KOMPANIA_ID_KOMPANIA) VALUES ('3', 'Pluton 1', '2');
	INSERT INTO "S14927"."PLUTON" (ID_PLUTON, NAZWAPLUT, KOMPANIA_ID_KOMPANIA) VALUES ('4', 'Pluton 2', '2');
	INSERT INTO "S14927"."PLUTON" (ID_PLUTON, NAZWAPLUT, KOMPANIA_ID_KOMPANIA) VALUES ('5', 'Pluton 1', '3');
	INSERT INTO "S14927"."PLUTON" (ID_PLUTON, NAZWAPLUT, KOMPANIA_ID_KOMPANIA) VALUES ('6', 'Pluton 2', '3');
	INSERT INTO "S14927"."PLUTON" (ID_PLUTON, NAZWAPLUT, KOMPANIA_ID_KOMPANIA) VALUES ('7', 'Pluton 1', '4');
	INSERT INTO "S14927"."PLUTON" (ID_PLUTON, NAZWAPLUT, KOMPANIA_ID_KOMPANIA) VALUES ('8', 'Pluton 2', '4');

-- Dane: Druzyna
	INSERT INTO "S14927"."DRUZYNA" (ID_DRUZYNA, NAZWADR, PLUTON_ID_PLUTON) VALUES ('1', 'Druzyna 1', '1');
	INSERT INTO "S14927"."DRUZYNA" (ID_DRUZYNA, NAZWADR, PLUTON_ID_PLUTON) VALUES ('2', 'Druzyna 2', '1');
	INSERT INTO "S14927"."DRUZYNA" (ID_DRUZYNA, NAZWADR, PLUTON_ID_PLUTON) VALUES ('3', 'Druzyna 1', '2');
	INSERT INTO "S14927"."DRUZYNA" (ID_DRUZYNA, NAZWADR, PLUTON_ID_PLUTON) VALUES ('4', 'Druzyna 2', '2');
	INSERT INTO "S14927"."DRUZYNA" (ID_DRUZYNA, NAZWADR, PLUTON_ID_PLUTON) VALUES ('5', 'Druzyna 1', '3');
	INSERT INTO "S14927"."DRUZYNA" (ID_DRUZYNA, NAZWADR, PLUTON_ID_PLUTON) VALUES ('6', 'Druzyna 2', '3');
	INSERT INTO "S14927"."DRUZYNA" (ID_DRUZYNA, NAZWADR, PLUTON_ID_PLUTON) VALUES ('7', 'Druzyna 1', '4');
	INSERT INTO "S14927"."DRUZYNA" (ID_DRUZYNA, NAZWADR, PLUTON_ID_PLUTON) VALUES ('8', 'Druzyna 2', '4');
	INSERT INTO "S14927"."DRUZYNA" (ID_DRUZYNA, NAZWADR, PLUTON_ID_PLUTON) VALUES ('9', 'Druzyna 1', '5');
	INSERT INTO "S14927"."DRUZYNA" (ID_DRUZYNA, NAZWADR, PLUTON_ID_PLUTON) VALUES ('10', 'Druzyna 2', '5');
	INSERT INTO "S14927"."DRUZYNA" (ID_DRUZYNA, NAZWADR, PLUTON_ID_PLUTON) VALUES ('11', 'Druzyna 1', '6');
	INSERT INTO "S14927"."DRUZYNA" (ID_DRUZYNA, NAZWADR, PLUTON_ID_PLUTON) VALUES ('12', 'Druzyna 2', '6');
	INSERT INTO "S14927"."DRUZYNA" (ID_DRUZYNA, NAZWADR, PLUTON_ID_PLUTON) VALUES ('13', 'Druzyna 1', '7');
	INSERT INTO "S14927"."DRUZYNA" (ID_DRUZYNA, NAZWADR, PLUTON_ID_PLUTON) VALUES ('14', 'Druzyna 2', '7');
	INSERT INTO "S14927"."DRUZYNA" (ID_DRUZYNA, NAZWADR, PLUTON_ID_PLUTON) VALUES ('15', 'Druzyna 1', '8');
	INSERT INTO "S14927"."DRUZYNA" (ID_DRUZYNA, NAZWADR, PLUTON_ID_PLUTON) VALUES ('16', 'Druzyna 2', '8');

-- Dane: Korpus	
	INSERT INTO "S14927"."KORPUS" (NAZWA) VALUES ('Szeregowców');
	INSERT INTO "S14927"."KORPUS" (NAZWA) VALUES ('Podoficerów');
	INSERT INTO "S14927"."KORPUS" (NAZWA) VALUES ('Oficerów');
	INSERT INTO "S14927"."KORPUS" (NAZWA) VALUES ('Genera³ów');

-- Dane: StopienWojskowy
	INSERT INTO "S14927"."STOPIENWOJSKOWY" (NAZWA, KORPUS_NAZWA) VALUES ('Szeregowy', 'Szeregowców');
	INSERT INTO "S14927"."STOPIENWOJSKOWY" (NAZWA, KORPUS_NAZWA) VALUES ('Starszy Szeregowy', 'Szeregowców');
	INSERT INTO "S14927"."STOPIENWOJSKOWY" (NAZWA, KORPUS_NAZWA) VALUES ('Kapral', 'Podoficerów');
	INSERT INTO "S14927"."STOPIENWOJSKOWY" (NAZWA, KORPUS_NAZWA) VALUES ('Starszy Kapral', 'Podoficerów');
	INSERT INTO "S14927"."STOPIENWOJSKOWY" (NAZWA, KORPUS_NAZWA) VALUES ('Plutonowy', 'Podoficerów');
	INSERT INTO "S14927"."STOPIENWOJSKOWY" (NAZWA, KORPUS_NAZWA) VALUES ('Sier¿ant', 'Podoficerów');
	INSERT INTO "S14927"."STOPIENWOJSKOWY" (NAZWA, KORPUS_NAZWA) VALUES ('Starszy Sier¿ant', 'Podoficerów');
	INSERT INTO "S14927"."STOPIENWOJSKOWY" (NAZWA, KORPUS_NAZWA) VALUES ('M³odszy Chor¹¿y', 'Podoficerów');
	INSERT INTO "S14927"."STOPIENWOJSKOWY" (NAZWA, KORPUS_NAZWA) VALUES ('Chor¹¿y', 'Podoficerów');
	INSERT INTO "S14927"."STOPIENWOJSKOWY" (NAZWA, KORPUS_NAZWA) VALUES ('Starszy Chor¹¿y', 'Podoficerów');
	INSERT INTO "S14927"."STOPIENWOJSKOWY" (NAZWA, KORPUS_NAZWA) VALUES ('Starszy Chor¹¿y Sztabowy', 'Podoficerów');
	INSERT INTO "S14927"."STOPIENWOJSKOWY" (NAZWA, KORPUS_NAZWA) VALUES ('Podporucznik', 'Oficerów');
	INSERT INTO "S14927"."STOPIENWOJSKOWY" (NAZWA, KORPUS_NAZWA) VALUES ('Porucznik', 'Oficerów');
	INSERT INTO "S14927"."STOPIENWOJSKOWY" (NAZWA, KORPUS_NAZWA) VALUES ('Kapitan', 'Oficerów');
	INSERT INTO "S14927"."STOPIENWOJSKOWY" (NAZWA, KORPUS_NAZWA) VALUES ('Major', 'Oficerów');
	INSERT INTO "S14927"."STOPIENWOJSKOWY" (NAZWA, KORPUS_NAZWA) VALUES ('Podpu³kownik', 'Oficerów');
	INSERT INTO "S14927"."STOPIENWOJSKOWY" (NAZWA, KORPUS_NAZWA) VALUES ('Pu³kownik', 'Oficerów');
	INSERT INTO "S14927"."STOPIENWOJSKOWY" (NAZWA, KORPUS_NAZWA) VALUES ('Genera³ Brygady', 'Genera³ów');
	INSERT INTO "S14927"."STOPIENWOJSKOWY" (NAZWA, KORPUS_NAZWA) VALUES ('Genera³ Dywizji', 'Genera³ów');
	INSERT INTO "S14927"."STOPIENWOJSKOWY" (NAZWA, KORPUS_NAZWA) VALUES ('Genera³ Broni', 'Genera³ów');
	INSERT INTO "S14927"."STOPIENWOJSKOWY" (NAZWA, KORPUS_NAZWA) VALUES ('Genera³', 'Genera³ów');

-- Dane: Opinia_sluzbowa
	INSERT INTO "S14927"."OPINIA_SLUZBOWA" (OCENA) VALUES ('1');
	INSERT INTO "S14927"."OPINIA_SLUZBOWA" (OCENA) VALUES ('2');
	INSERT INTO "S14927"."OPINIA_SLUZBOWA" (OCENA) VALUES ('3');
	INSERT INTO "S14927"."OPINIA_SLUZBOWA" (OCENA) VALUES ('4');
	INSERT INTO "S14927"."OPINIA_SLUZBOWA" (OCENA) VALUES ('5');
	INSERT INTO "S14927"."OPINIA_SLUZBOWA" (OCENA) VALUES ('6');

-- Dane: Misje
	INSERT INTO "S14927"."MISJE" (ID_MISJE, NAZWA, MIEJSCE) VALUES ('1', 'Alfa', 'Kazahstan');
	INSERT INTO "S14927"."MISJE" (ID_MISJE, NAZWA, MIEJSCE) VALUES ('2', 'Szelest', 'Nigeria');
	INSERT INTO "S14927"."MISJE" (ID_MISJE, NAZWA, MIEJSCE) VALUES ('3', 'W¹¿', 'Moskwa');

-- Dane: Stanowisko
	INSERT INTO "S14927"."STANOWISKO" (ID_STANOWISKO, NAZWA) VALUES ('1', 'Kierowca');
	INSERT INTO "S14927"."STANOWISKO" (ID_STANOWISKO, NAZWA) VALUES ('2', 'Dowódca');
	INSERT INTO "S14927"."STANOWISKO" (ID_STANOWISKO, NAZWA) VALUES ('3', 'Zwiadowca');
	INSERT INTO "S14927"."STANOWISKO" (ID_STANOWISKO, NAZWA) VALUES ('4', 'Radiotelefonista');
	INSERT INTO "S14927"."STANOWISKO" (ID_STANOWISKO, NAZWA) VALUES ('5', '¯o³nierz');

-- Dane: Wyposazenie
	INSERT INTO "S14927"."WYPOSAZENIE" (ID_WYPOSAZENIE, NAZWA) VALUES ('1', 'Che³m');
	INSERT INTO "S14927"."WYPOSAZENIE" (ID_WYPOSAZENIE, NAZWA) VALUES ('2', 'Maska');
	INSERT INTO "S14927"."WYPOSAZENIE" (ID_WYPOSAZENIE, NAZWA) VALUES ('3', 'Kombinezon');
	INSERT INTO "S14927"."WYPOSAZENIE" (ID_WYPOSAZENIE, NAZWA) VALUES ('4', 'Kabura');
	INSERT INTO "S14927"."WYPOSAZENIE" (ID_WYPOSAZENIE, NAZWA) VALUES ('5', 'Magazynki');
	INSERT INTO "S14927"."WYPOSAZENIE" (ID_WYPOSAZENIE, NAZWA) VALUES ('6', 'Klucze');
	INSERT INTO "S14927"."WYPOSAZENIE" (ID_WYPOSAZENIE, NAZWA) VALUES ('7', 'Komputer');
	INSERT INTO "S14927"."WYPOSAZENIE" (ID_WYPOSAZENIE, NAZWA) VALUES ('8', 'Przepustka');
	INSERT INTO "S14927"."WYPOSAZENIE" (ID_WYPOSAZENIE, NAZWA) VALUES ('9', 'Radio');

-- Dane: Stan_Wyp
	INSERT INTO "S14927"."STAN_WYP" (ID_STANWYP, STANOWISKO_ID_STANOWISKO, WYPOSAZENIE_ID_WYPOSAZENIE) VALUES ('1', '1', '8');
	INSERT INTO "S14927"."STAN_WYP" (ID_STANWYP, STANOWISKO_ID_STANOWISKO, WYPOSAZENIE_ID_WYPOSAZENIE) VALUES ('2', '1', '6');
	INSERT INTO "S14927"."STAN_WYP" (ID_STANWYP, STANOWISKO_ID_STANOWISKO, WYPOSAZENIE_ID_WYPOSAZENIE) VALUES ('3', '2', '1');
	INSERT INTO "S14927"."STAN_WYP" (ID_STANWYP, STANOWISKO_ID_STANOWISKO, WYPOSAZENIE_ID_WYPOSAZENIE) VALUES ('4', '2', '3');
	INSERT INTO "S14927"."STAN_WYP" (ID_STANWYP, STANOWISKO_ID_STANOWISKO, WYPOSAZENIE_ID_WYPOSAZENIE) VALUES ('5', '2', '4');
	INSERT INTO "S14927"."STAN_WYP" (ID_STANWYP, STANOWISKO_ID_STANOWISKO, WYPOSAZENIE_ID_WYPOSAZENIE) VALUES ('6', '2', '5');
	INSERT INTO "S14927"."STAN_WYP" (ID_STANWYP, STANOWISKO_ID_STANOWISKO, WYPOSAZENIE_ID_WYPOSAZENIE) VALUES ('7', '3', '1');
	INSERT INTO "S14927"."STAN_WYP" (ID_STANWYP, STANOWISKO_ID_STANOWISKO, WYPOSAZENIE_ID_WYPOSAZENIE) VALUES ('8', '3', '2');
	INSERT INTO "S14927"."STAN_WYP" (ID_STANWYP, STANOWISKO_ID_STANOWISKO, WYPOSAZENIE_ID_WYPOSAZENIE) VALUES ('9', '4', '7');
	INSERT INTO "S14927"."STAN_WYP" (ID_STANWYP, STANOWISKO_ID_STANOWISKO, WYPOSAZENIE_ID_WYPOSAZENIE) VALUES ('10', '4', '9');
	INSERT INTO "S14927"."STAN_WYP" (ID_STANWYP, STANOWISKO_ID_STANOWISKO, WYPOSAZENIE_ID_WYPOSAZENIE) VALUES ('11', '5', '1');
	INSERT INTO "S14927"."STAN_WYP" (ID_STANWYP, STANOWISKO_ID_STANOWISKO, WYPOSAZENIE_ID_WYPOSAZENIE) VALUES ('12', '5', '2');
	INSERT INTO "S14927"."STAN_WYP" (ID_STANWYP, STANOWISKO_ID_STANOWISKO, WYPOSAZENIE_ID_WYPOSAZENIE) VALUES ('13', '5', '3');
	INSERT INTO "S14927"."STAN_WYP" (ID_STANWYP, STANOWISKO_ID_STANOWISKO, WYPOSAZENIE_ID_WYPOSAZENIE) VALUES ('14', '5', '4');
	INSERT INTO "S14927"."STAN_WYP" (ID_STANWYP, STANOWISKO_ID_STANOWISKO, WYPOSAZENIE_ID_WYPOSAZENIE) VALUES ('15', '5', '5');
	
-- Dane: MarkaPojazdu
	INSERT INTO "S14927"."MARKAPOJAZDU" (NAZWAPOJ) VALUES ('Star 200');
	INSERT INTO "S14927"."MARKAPOJAZDU" (NAZWAPOJ) VALUES ('Star 266');
	INSERT INTO "S14927"."MARKAPOJAZDU" (NAZWAPOJ) VALUES ('Fiat');
	INSERT INTO "S14927"."MARKAPOJAZDU" (NAZWAPOJ) VALUES ('Ford');
	INSERT INTO "S14927"."MARKAPOJAZDU" (NAZWAPOJ) VALUES ('Opel');

-- Dane: Osoba

-- Dane: Misja_Osoba

-- Dane: Pojazd

-- Dane: Wy_Sluzb

-- Dane: Os_Wyj_Sluz
